{
  "format_version": "1.20.0",
  "minecraft:item": {
    "description": {
      "identifier": "structurestick:load_structure",
      "category": "equipment"
    },
    "components": {
      "minecraft:icon": "breeze_rod",
      "minecraft:display_name": {
        "value": "Load Structure"
      },
      "minecraft:allow_off_hand": true,
      "minecraft:max_stack_size": 1,
      "minecraft:hand_equipped": true,
      "minecraft:use_duration": 1,
      "minecraft:use_on": {
        "blocks": ["minecraft:*"]
      }
    }
  }
}
